{
  "hash": "9f355e89",
  "configHash": "20541c01",
  "lockfileHash": "92c2dbc8",
  "browserHash": "4740e0a0",
  "optimized": {
    "@angular/common": {
      "src": "../../../../../../node_modules/@angular/common/fesm2022/common.mjs",
      "file": "@angular_common.js",
      "fileHash": "645aa8f1",
      "needsInterop": false
    },
    "@angular/common/http": {
      "src": "../../../../../../node_modules/@angular/common/fesm2022/http.mjs",
      "file": "@angular_common_http.js",
      "fileHash": "898a0ab1",
      "needsInterop": false
    },
    "@angular/core": {
      "src": "../../../../../../node_modules/@angular/core/fesm2022/core.mjs",
      "file": "@angular_core.js",
      "fileHash": "23d4b3ee",
      "needsInterop": false
    },
    "@angular/forms": {
      "src": "../../../../../../node_modules/@angular/forms/fesm2022/forms.mjs",
      "file": "@angular_forms.js",
      "fileHash": "1daf2bff",
      "needsInterop": false
    },
    "@angular/platform-browser": {
      "src": "../../../../../../node_modules/@angular/platform-browser/fesm2022/platform-browser.mjs",
      "file": "@angular_platform-browser.js",
      "fileHash": "194e9028",
      "needsInterop": false
    },
    "@angular/router": {
      "src": "../../../../../../node_modules/@angular/router/fesm2022/router.mjs",
      "file": "@angular_router.js",
      "fileHash": "97b3f727",
      "needsInterop": false
    },
    "@ionic/angular/standalone": {
      "src": "../../../../../../node_modules/@ionic/angular/fesm2022/ionic-angular-standalone.mjs",
      "file": "@ionic_angular_standalone.js",
      "fileHash": "ab6c0405",
      "needsInterop": false
    },
    "ionicons": {
      "src": "../../../../../../node_modules/ionicons/dist/index.js",
      "file": "ionicons.js",
      "fileHash": "f1054e2b",
      "needsInterop": false
    },
    "ionicons/icons": {
      "src": "../../../../../../node_modules/ionicons/icons/index.mjs",
      "file": "ionicons_icons.js",
      "fileHash": "a566ff46",
      "needsInterop": false
    }
  },
  "chunks": {
    "index9-OORIQ2GK": {
      "file": "index9-OORIQ2GK.js"
    },
    "status-tap-LLRF4EZB": {
      "file": "status-tap-LLRF4EZB.js"
    },
    "input-shims-LMW7ANHS": {
      "file": "input-shims-LMW7ANHS.js"
    },
    "focus-visible-RAFDA6YZ": {
      "file": "focus-visible-RAFDA6YZ.js"
    },
    "shadow-css-KQBFNRGS": {
      "file": "shadow-css-KQBFNRGS.js"
    },
    "ios.transition-IQ2M3ADR": {
      "file": "ios__transition-IQ2M3ADR.js"
    },
    "md.transition-H6FDT2ZF": {
      "file": "md__transition-H6FDT2ZF.js"
    },
    "index3-2IRC5F4P": {
      "file": "index3-2IRC5F4P.js"
    },
    "hardware-back-button-CDCLECFL": {
      "file": "hardware-back-button-CDCLECFL.js"
    },
    "swipe-back-CJJBFXX2": {
      "file": "swipe-back-CJJBFXX2.js"
    },
    "keyboard2-U2YRHNPE": {
      "file": "keyboard2-U2YRHNPE.js"
    },
    "chunk-T3IT6Q7Y": {
      "file": "chunk-T3IT6Q7Y.js"
    },
    "chunk-7Q5HCUSL": {
      "file": "chunk-7Q5HCUSL.js"
    },
    "chunk-QYTJESLU": {
      "file": "chunk-QYTJESLU.js"
    },
    "chunk-UKBH7XFU": {
      "file": "chunk-UKBH7XFU.js"
    },
    "chunk-7V2MWCHA": {
      "file": "chunk-7V2MWCHA.js"
    },
    "chunk-MGPHXSG2": {
      "file": "chunk-MGPHXSG2.js"
    },
    "chunk-AY32UJ3J": {
      "file": "chunk-AY32UJ3J.js"
    },
    "chunk-EUT5B6DW": {
      "file": "chunk-EUT5B6DW.js"
    },
    "chunk-L6BHBXTE": {
      "file": "chunk-L6BHBXTE.js"
    },
    "chunk-6HCD6MJG": {
      "file": "chunk-6HCD6MJG.js"
    },
    "chunk-ZWBDDU4U": {
      "file": "chunk-ZWBDDU4U.js"
    },
    "chunk-KZTCFCZR": {
      "file": "chunk-KZTCFCZR.js"
    },
    "chunk-ZXOPHZFH": {
      "file": "chunk-ZXOPHZFH.js"
    },
    "chunk-CJ5MJUPJ": {
      "file": "chunk-CJ5MJUPJ.js"
    },
    "chunk-UGXQQLSP": {
      "file": "chunk-UGXQQLSP.js"
    },
    "chunk-IV6R22E6": {
      "file": "chunk-IV6R22E6.js"
    },
    "chunk-QNTI3UEV": {
      "file": "chunk-QNTI3UEV.js"
    },
    "chunk-TN7FWFLD": {
      "file": "chunk-TN7FWFLD.js"
    },
    "chunk-EMYMXNKT": {
      "file": "chunk-EMYMXNKT.js"
    },
    "chunk-YLJ2E4EK": {
      "file": "chunk-YLJ2E4EK.js"
    },
    "chunk-ABELNBAC": {
      "file": "chunk-ABELNBAC.js"
    },
    "chunk-ZVATTXSA": {
      "file": "chunk-ZVATTXSA.js"
    }
  }
}